{"cameraMode":{"drawMode":0,"name":"Shaded","section":"Shading Mode"},"sceneLighting":false,"audioPlay":false,"sceneViewState":{"m_AlwaysRefresh":false,"showFog":true,"showSkybox":false,"showFlares":true,"showImageEffects":true,"showParticleSystems":true,"showVisualEffectGraphs":true,"m_FxEnabled":true},"in2DMode":false,"pivot":{"x":0.0700000524520874,"y":1.929999828338623,"z":-44.56999969482422},"rotation":{"x":0.24312815070152284,"y":-0.33211225271224978,"z":0.08902425318956375,"w":0.9070084691047669},"size":1.6583123207092286,"orthographic":false}