{"cameraMode":{"drawMode":0,"name":"Shaded","section":"Shading Mode"},"sceneLighting":true,"audioPlay":false,"sceneViewState":{"m_AlwaysRefresh":false,"showFog":true,"showSkybox":true,"showFlares":true,"showImageEffects":true,"showParticleSystems":true,"showVisualEffectGraphs":true,"m_FxEnabled":true},"in2DMode":false,"pivot":{"x":267.918212890625,"y":407.89349365234377,"z":-8.951629638671875},"rotation":{"x":0.1994919776916504,"y":-0.19259409606456757,"z":0.040023624897003177,"w":0.9599536657333374},"size":176.37220764160157,"orthographic":false}