{"cameraMode":{"drawMode":0,"name":"Shaded","section":"Shading Mode"},"sceneLighting":true,"audioPlay":false,"sceneViewState":{"m_AlwaysRefresh":false,"showFog":true,"showSkybox":true,"showFlares":true,"showImageEffects":true,"showParticleSystems":true,"showVisualEffectGraphs":true,"m_FxEnabled":true},"in2DMode":false,"pivot":{"x":-0.2712419033050537,"y":2.504885196685791,"z":0.9685426950454712},"rotation":{"x":0.07158263027667999,"y":-0.4317041039466858,"z":0.034392982721328738,"w":0.8985124826431274},"size":2.602782726287842,"orthographic":false}