{"cameraMode":{"drawMode":0,"name":"Shaded","section":"Shading Mode"},"sceneLighting":false,"audioPlay":false,"sceneViewState":{"m_AlwaysRefresh":false,"showFog":true,"showSkybox":false,"showFlares":true,"showImageEffects":true,"showParticleSystems":true,"showVisualEffectGraphs":true,"m_FxEnabled":true},"in2DMode":false,"pivot":{"x":-4.800000190734863,"y":1.9800000190734864,"z":-44.779998779296878},"rotation":{"x":0.24312815070152284,"y":-0.33211225271224978,"z":0.08902425318956375,"w":0.9070084691047669},"size":1.1277904510498047,"orthographic":false}