{"cameraMode":{"drawMode":0,"name":"Shaded","section":"Shading Mode"},"sceneLighting":false,"audioPlay":false,"sceneViewState":{"m_AlwaysRefresh":false,"showFog":true,"showSkybox":false,"showFlares":true,"showImageEffects":true,"showParticleSystems":true,"showVisualEffectGraphs":true,"m_FxEnabled":true},"in2DMode":false,"pivot":{"x":3.2699999809265138,"y":2.8299999237060549,"z":3.8473596572875978},"rotation":{"x":0.23565910756587983,"y":-0.10761310905218125,"z":0.026265710592269899,"w":0.9655041694641113},"size":1.658312439918518,"orthographic":false}